<?xml version="1.0" encoding="UTF-8"?>

<beans xmlns="http://www.springframework.org/schema/beans"
	xmlns:xsi="http://www.w3.org/2001/XMLSchema-instance" xmlns:context="http://www.springframework.org/schema/context"
	xsi:schemaLocation="
		http://www.springframework.org/schema/beans
		http://www.springframework.org/schema/beans/spring-beans-3.0.xsd
		http://www.springframework.org/schema/context 
		http://www.springframework.org/schema/context/spring-context-3.0.xsd">

	<context:component-scan base-package="com.aravind.test.nbi.rest.controller" />

	<!-- Maps incoming requests to the appropriate controller based on the annotations on the controller methods. -->
	<bean class="org.springframework.web.servlet.mvc.annotation.DefaultAnnotationHandlerMapping" >
		 <!-- property name="useDefaultSuffixPattern" value="false"/>  This enables us to deal with ipaddesses -->
	</bean>
	<bean class="org.springframework.web.servlet.mvc.annotation.AnnotationMethodHandlerAdapter" />
		
	<bean id="restXmlMarshaller" class="org.springframework.oxm.jaxb.Jaxb2Marshaller">
		<property name="classesToBeBound">
			<list>
				<value>com.aravind.test.nbi.rest.model.Cpu</value>
				<value>com.aravind.test.nbi.rest.model.Memory</value>
				<value>com.aravind.test.nbi.rest.model.Metric</value>
				<value>com.aravind.test.nbi.rest.model.Node</value>
				<value>com.aravind.test.nbi.rest.model.Nodes</value>
			</list>
		</property>
	</bean>

	<bean id="metricController" class="com.aravind.test.nbi.rest.controller.MetricController">
		<property name="jaxb2Mashaller" ref="restXmlMarshaller" />
	</bean>
	
	<!--  Multiple views -->
	<bean class="org.springframework.web.servlet.view.ContentNegotiatingViewResolver">
		<property name="mediaTypes">
		    <map>
		        <entry key="xml" value="application/xml"/>
		        <entry key="json" value="application/json"/>
		    </map>
		</property>
		
		<property name="defaultContentType" value="text/xml" />
		
		<property name="defaultViews">
		    <list>
		    	
		    	<!-- View for rendering the Json for result objects using Jackson. -->
		    	<bean class="org.springframework.web.servlet.view.json.MappingJacksonJsonView" />
		    	
		    	<!-- View for rendering the XML for result objects using JAXB annotations. -->
				<bean id="restXmlMarshalView" class="org.springframework.web.servlet.view.xml.MarshallingView">
					<constructor-arg ref="restXmlMarshaller"/>
				</bean>
				
		    </list>
		</property>
	</bean>
	
	<!--  bean id="viewResolver" class="org.springframework.web.servlet.view.BeanNameViewResolver" / -->
	
</beans>
